{"censored_time": 4.0, "obs_events": [[0.0, 1.6], [0.35600093435045677, 1.5222120373638894], [2.4013329678631994, 1.6596521502991763], [2.5928294798652187, 1.2349929562660569], [2.808564068652234, 1.7575982755413313]]}