{"alpha": 0.87, "beta": 1.27, "kappa": 0.46, "gamma": 0.8216172816110205, "nv": 0.6805108200635032, "mark_dist": "uniform distribution [1,2]"}