{"alpha": 0.018, "beta": 1.8, "kappa": 0.54, "gamma": 0.9387411523531114, "nv": 1.0046782297695167, "mark_dist": "Uniform Distribution with loc=1, scale=10000", "init_obs": [[0.0, 9000]]}