{"censored_time": 4.0, "obs_events": [[0.0, 1.6], [0.013145145721570231, 1.513013945383457], [0.015688727134841755, 1.9363109021933789], [0.12592833637942974, 1.5041137395903663], [0.4159698079756614, 1.7076640965313103], [0.7286285690287129, 1.3593047720828584], [1.433699981437231, 1.9779120171232454], [1.5438316471530198, 1.0480734522882025], [1.5952104607416, 1.7450774289852564], [1.6587862519080494, 1.516903246748731], [1.799735645483769, 1.3270981020657162], [1.8604568583534988, 1.545085744059464], [1.9504479922576032, 1.5340577749279372], [2.0814338840450213, 1.745149826660003], [2.6413308114011222, 1.065291485289748], [2.849137380943265, 1.2308116486541942], [3.163610014249503, 1.0052624544221054], [3.2886425811522866, 1.839795291814511], [3.320503139940942, 1.7452992178869606], [3.4604954060690276, 1.3137452999798924], [3.5079043420882443, 1.7243905588709767], [3.5446598397640527, 1.0840637657120988], [3.6581943549376383, 1.466036032786593], [3.708828411368587, 1.7750909512394484], [3.8082461522623934, 1.6467843647771945], [3.8089791396770325, 1.8458484473812913], [3.819971662604702, 1.5578438575849693], [3.827654331804015, 1.045908247067703], [3.8579320357391578, 1.535720916684344]]}